Year,Quarter,MAE
2022,1,0.05029743948607823
2022,2,0.1983332590128395
2022,3,0.19059060975504227
2022,4,0.24608459613470135
2023,1,0.02190767193945664
2023,2,0.29686235172338016
2023,3,0.348074877132591
2023,4,0.17434568415303797
2024,1,0.15667090637144732
2024,2,0.15845758761712148
2024,3,0.32201595387930126
